,0
Butter,방탄소년단
Next Level,aespa
Dun Dun Dance,오마이걸(OH MY GIRL)
헤픈 우연,헤이즈(Heize)
ASAP,STAYC(스테이씨)
상상더하기,라붐(LABOUM)
I Love U,성시경
"Peaches (feat. Daniel Caesar, Giveon)",Justin Bieber(저스틴 비버)
마.피.아. In the morning,ITZY (있지)
롤린 (Rollin'),브레이브걸스(Brave Girls)
라일락,아이유(IU)
"친구, 그 오랜시간",정승환
너를 사랑했던 시간,성시경
Off My Face,Justin Bieber(저스틴 비버)
운전만해 (We Ride),브레이브걸스(Brave Girls)
체념,"정상동기 (김정수, 정기석, 이동휘, 이상이)"
서울의 잠 못 이루는 밤 (Feat. 이수현),10CM
우리 한 때 사랑한 건,성시경
만약에,"M.O.M (별루지, 강창모, 박재정, 원슈타인)"
Celebrity,아이유(IU)
처음처럼 (Feat. 개리),헤이즈(Heize)
Timeless,SG워너비
미안해 널 사랑해 (Feat. 김필),헤이즈(Heize)
Je T′aime,조이 (JOY)
parachute,John K
라라라,SG워너비
Dynamite,방탄소년단
그냥 안아달란 말야,다비치
어푸 (Ah puh),아이유(IU)
Beautiful Mistakes,Maroon 5(마룬 파이브)
"사이렌 Remix (Feat. UNEDUCATED KID, Paul Blanco)",호미들
Kiss Me More (feat. SZA),Doja Cat(도자 캣)
너의 발걸음에 빛을 비춰줄게 (Prod. 조영수),케이시
감기 (Feat. 창모),헤이즈(Heize)
별빛 같은 나의 사랑아,임영웅
Dolphin,오마이걸(OH MY GIRL)
멜로디,ASH ISLAND
맛 (Hot Sauce),NCT DREAM
러브레터,정승환
On The Ground,로제(ROSÉ)
이음새,성시경
Coin,아이유(IU)
내 손을 잡아,아이유(IU)
Life Goes On,방탄소년단
불어온다,하이라이트(Highlight)
Leave The Door Open,Bruno Mars(브루노 마스)
Lovesick Girls,BLACKPINK
내사람: Partner For Life,SG워너비
작은 것들을 위한 시 (Boy With Luv) (Feat. Halsey),방탄소년단
Savage Love (Laxed - Siren Beat) (BTS Remix),Jawsh 685
닫힌엔딩 (Closed Ending),숀(SHAUN)
빗물에게 들으니 (Feat. 안예은),헤이즈(Heize)
안녕이란 (Two Letters),황치열
에잇(Prod.&Feat. SUGA of BTS),아이유(IU)
If You Love Me (Feat. 주헌 (몬스타엑스)),NS Yoon-G
고래 (Dive Into You),NCT DREAM
Like 1999,Valley
At My Worst,Pink Sweat$
Blueming,아이유(IU)
밤하늘의 별을(2020),경서
"LOVE DAY (2021) (바른연애 길잡이 X 양요섭, 정은지)",양요섭
Black Mamba,aespa
밝게 빛나는 별이 되어 비춰줄게,송이한
"어떻게 이별까지 사랑하겠어, 널 사랑하는 거지",AKMU (악동뮤지션)
방랑자,성시경
12:45 (Stripped),Etham
널 잊는 기적은 없었다,성시경
죄와 벌,SG워너비
잠이 오질 않네요,장범준
살짝 설렜어 (Nonstop),오마이걸(OH MY GIRL)
아이와 나의 바다,아이유(IU)
Advice,태민 (TAEMIN)
이 밤을 빌려 말해요 (바른연애 길잡이 X 10CM),10CM
나랑 같이 걸을래 (바른연애 길잡이 X 적재),적재
이제 나만 믿어요,임영웅
흔들리는 꽃들 속에서 네 샴푸향이 느껴진거야,장범준
2002,Anne-Marie(앤 마리)
살다가,SG워너비
비도 오고 그래서 (Feat. 신용재),헤이즈(Heize)
취기를 빌려 (취향저격 그녀 X 산들),산들
밤편지,아이유(IU)
And we go,성시경
"모든 날, 모든 순간 (Every day, Every Moment)",폴킴(Paul Kim)
돌림노래 (Feat. DEAN),아이유(IU)
WE GO,프로미스나인
Bang!,AJR
그대를 사랑하는 10가지 이유(2021),이석훈
파도,폴킴(Paul Kim)
Flu,아이유(IU)
365&7 (Feat. JAMIE),pH-1
METEOR,창모(CHANGMO)
마음을 담아,성시경
신호등,이무진
봄 안녕 봄,아이유(IU)
이렇게 좋아해 본 적이 없어요,CHEEZE(치즈)
굿모닝 (Feat. 원슈타인),버벌진트(Verbal Jint)
Why,헤이즈(Heize)
새까맣게,김재환
아리랑,SG워너비
